,BindingDB,Host,Guest,pH,Temp,SlogP,SMR,LabuteASA,TPSA,AMW,NumLipinskiHBA,NumLipinskiHBD,NumRotatableBonds,NumAtoms,Formal Charge,SlogP (#1),SMR (#1),LabuteASA (#1),TPSA (#1),AMW (#1),NumLipinskiHBA (#1),NumLipinskiHBD (#1),NumRotatableBonds (#1),NumAtoms (#1),delta_g0
0,3535_12,BDBM36126,BDBM36147,7.2,25.0,0.6480000000000004,59.874400000000016,103.3703396713134,114.39999999999998,286.286,6.0,0.0,2.0,24.0,-2.0,-17.406400000000005,261.0671999999995,495.7173837475217,633.2000000000003,1297.1280000000015,40.0,24.0,8.0,168.0,-14.74
1,3542_14,BDBM36126,BDBM50043803,6.9,25.0,2.3143,82.99730000000005,132.88812701513856,95.86,315.325,6.0,3.0,6.0,40.0,0.0,-17.406400000000005,261.0671999999995,495.7173837475217,633.2000000000003,1297.1280000000015,40.0,24.0,8.0,168.0,-13.03
2,3542_16,BDBM36126,BDBM50043796,6.9,25.0,2.6087000000000007,81.33250000000005,128.09389326294254,75.63000000000002,299.32599999999996,5.0,2.0,6.0,39.0,0.0,-17.406400000000005,261.0671999999995,495.7173837475217,633.2000000000003,1297.1280000000015,40.0,24.0,8.0,168.0,-12.94
3,3542_29,BDBM36126,BDBM36234,6.9,25.0,1.819,100.60200000000003,161.69433764198013,124.96,386.40400000000017,8.0,4.0,8.0,50.0,0.0,-17.406400000000005,261.0671999999995,495.7173837475217,633.2000000000003,1297.1280000000015,40.0,24.0,8.0,168.0,-12.93
4,3542_15,BDBM36126,BDBM50043798,6.9,25.0,2.6087000000000007,81.33250000000005,128.09389326294254,75.63000000000002,299.32599999999996,5.0,2.0,6.0,39.0,0.0,-17.406400000000005,261.0671999999995,495.7173837475217,633.2000000000003,1297.1280000000015,40.0,24.0,8.0,168.0,-12.8
5,3542_13,BDBM36126,BDBM50043797,6.9,25.0,2.3143,82.99730000000005,132.88812701513856,95.86,315.325,6.0,3.0,6.0,40.0,0.0,-17.406400000000005,261.0671999999995,495.7173837475217,633.2000000000003,1297.1280000000015,40.0,24.0,8.0,168.0,-12.8
6,3542_37,BDBM36126,BDBM36242,6.9,25.0,2.5997000000000003,106.06750000000004,168.83412845164347,95.94,396.44300000000015,7.0,2.0,7.0,53.0,0.0,-17.406400000000005,261.0671999999995,495.7173837475217,633.2000000000003,1297.1280000000015,40.0,24.0,8.0,168.0,-12.21
7,3531_23,BDBM36126,BDBM36121,6.9,25.0,1.6638999999999995,111.79780000000004,183.37997772301316,162.26000000000005,444.44000000000017,10.0,5.0,11.0,56.0,0.0,-17.406400000000005,261.0671999999995,495.7173837475217,633.2000000000003,1297.1280000000015,40.0,24.0,8.0,168.0,-11.34
8,3542_3,BDBM36126,BDBM36214,6.9,25.0,1.2514999999999996,99.12800000000004,156.58079241247327,115.73000000000002,370.40500000000014,7.0,4.0,8.0,49.0,0.0,-17.406400000000005,261.0671999999995,495.7173837475217,633.2000000000003,1297.1280000000015,40.0,24.0,8.0,168.0,-11.08
9,3542_4,BDBM36126,BDBM36215,6.9,25.0,1.2514999999999996,99.12800000000004,156.58079241247327,115.73000000000002,370.40500000000014,7.0,4.0,8.0,49.0,0.0,-17.406400000000005,261.0671999999995,495.7173837475217,633.2000000000003,1297.1280000000015,40.0,24.0,8.0,168.0,-10.94
10,3542_36,BDBM36126,BDBM36241,6.9,25.0,2.5997000000000003,106.06750000000004,168.83412845164347,95.94,396.44300000000015,7.0,2.0,7.0,53.0,0.0,-17.406400000000005,261.0671999999995,495.7173837475217,633.2000000000003,1297.1280000000015,40.0,24.0,8.0,168.0,-10.8
11,3542_31,BDBM36126,BDBM36236,6.9,25.0,2.5947000000000005,110.79390000000004,172.79092884253362,120.52,409.4420000000002,8.0,4.0,8.0,53.0,0.0,-17.406400000000005,261.0671999999995,495.7173837475217,633.2000000000003,1297.1280000000015,40.0,24.0,8.0,168.0,-10.66
12,3542_27,BDBM36126,BDBM36232,6.9,25.0,2.1133999999999995,98.93720000000006,156.90010388978413,104.73,370.40500000000014,7.0,3.0,8.0,49.0,0.0,-17.406400000000005,261.0671999999995,495.7173837475217,633.2000000000003,1297.1280000000015,40.0,24.0,8.0,168.0,-10.64
13,3542_12,BDBM36126,BDBM36223,6.9,25.0,0.9570999999999996,100.79280000000004,161.37502616466924,135.96,386.40400000000017,8.0,5.0,8.0,50.0,0.0,-17.406400000000005,261.0671999999995,495.7173837475217,633.2000000000003,1297.1280000000015,40.0,24.0,8.0,168.0,-10.53
14,3542_11,BDBM36126,BDBM36222,6.9,25.0,0.9570999999999996,100.79280000000004,161.37502616466924,135.96,386.40400000000017,8.0,5.0,8.0,50.0,0.0,-17.406400000000005,261.0671999999995,495.7173837475217,633.2000000000003,1297.1280000000015,40.0,24.0,8.0,168.0,-10.4
15,3542_8,BDBM36126,BDBM36219,6.9,25.0,1.2514999999999992,99.12800000000004,156.58079241247327,115.73000000000002,370.40500000000014,7.0,4.0,8.0,49.0,0.0,-17.406400000000005,261.0671999999995,495.7173837475217,633.2000000000003,1297.1280000000015,40.0,24.0,8.0,168.0,-10.37
16,3542_7,BDBM36126,BDBM36218,6.9,25.0,1.2514999999999992,99.12800000000004,156.58079241247327,115.73000000000002,370.40500000000014,7.0,4.0,8.0,49.0,0.0,-17.406400000000005,261.0671999999995,495.7173837475217,633.2000000000003,1297.1280000000015,40.0,24.0,8.0,168.0,-10.37
17,3542_20,BDBM36126,BDBM36227,6.9,25.0,1.7249,94.34220000000003,150.5351617753875,104.73,356.37800000000016,7.0,3.0,8.0,46.0,0.0,-17.406400000000005,261.0671999999995,495.7173837475217,633.2000000000003,1297.1280000000015,40.0,24.0,8.0,168.0,-10.35
18,3542_30,BDBM36126,BDBM36235,6.9,25.0,1.819,100.60200000000003,161.69433764198013,124.96,386.40400000000017,8.0,4.0,8.0,50.0,0.0,-17.406400000000005,261.0671999999995,495.7173837475217,633.2000000000003,1297.1280000000015,40.0,24.0,8.0,168.0,-10.18
19,3542_34,BDBM36126,BDBM36239,6.9,25.0,2.7495000000000003,108.10120000000006,169.6299881185773,104.73000000000002,398.4590000000002,7.0,3.0,9.0,55.0,0.0,-17.406400000000005,261.0671999999995,495.7173837475217,633.2000000000003,1297.1280000000015,40.0,24.0,8.0,168.0,-10.1
20,3542_23,BDBM36126,BDBM50043807,6.9,25.0,3.0900000000000016,93.18920000000004,143.984718215692,91.42,338.3630000000001,6.0,3.0,6.0,43.0,0.0,-17.406400000000005,261.0671999999995,495.7173837475217,633.2000000000003,1297.1280000000015,40.0,24.0,8.0,168.0,-10.0
21,3542_19,BDBM36126,BDBM36226,6.9,25.0,1.7249,94.34220000000003,150.5351617753875,104.73,356.37800000000016,7.0,3.0,8.0,46.0,0.0,-17.406400000000005,261.0671999999995,495.7173837475217,633.2000000000003,1297.1280000000015,40.0,24.0,8.0,168.0,-9.98
22,3542_25,BDBM36126,BDBM36230,6.9,25.0,2.2062,106.1989,166.42598672813705,120.52,395.4150000000001,8.0,4.0,8.0,50.0,0.0,-17.406400000000005,261.0671999999995,495.7173837475217,633.2000000000003,1297.1280000000015,40.0,24.0,8.0,168.0,-9.84
23,3542_22,BDBM36126,BDBM50043809,6.9,25.0,3.0900000000000016,93.18920000000004,143.984718215692,91.42,338.3630000000001,6.0,3.0,6.0,43.0,0.0,-17.406400000000005,261.0671999999995,495.7173837475217,633.2000000000003,1297.1280000000015,40.0,24.0,8.0,168.0,-9.8
24,3542_33,BDBM36126,BDBM36238,6.9,25.0,2.7495000000000003,108.10120000000006,169.6299881185773,104.73000000000002,398.4590000000002,7.0,3.0,9.0,55.0,0.0,-17.406400000000005,261.0671999999995,495.7173837475217,633.2000000000003,1297.1280000000015,40.0,24.0,8.0,168.0,-9.7
25,3542_24,BDBM36126,BDBM36229,6.9,25.0,2.2062,106.1989,166.42598672813705,120.52,395.4150000000001,8.0,4.0,8.0,50.0,0.0,-17.406400000000005,261.0671999999995,495.7173837475217,633.2000000000003,1297.1280000000015,40.0,24.0,8.0,168.0,-9.65
26,3542_6,BDBM36126,BDBM36217,6.9,25.0,1.2514999999999992,99.12800000000004,156.58079241247327,115.73000000000002,370.40500000000014,7.0,4.0,8.0,49.0,0.0,-17.406400000000005,261.0671999999995,495.7173837475217,633.2000000000003,1297.1280000000015,40.0,24.0,8.0,168.0,-9.14
27,3531_24,BDBM36126,BDBM36122,6.9,25.0,1.6638999999999995,111.79780000000004,183.37997772301316,162.26000000000005,444.44000000000017,10.0,5.0,11.0,56.0,0.0,-17.406400000000005,261.0671999999995,495.7173837475217,633.2000000000003,1297.1280000000015,40.0,24.0,8.0,168.0,-9.14
28,3542_17,BDBM36126,BDBM36224,6.9,25.0,2.998800000000001,85.94950000000006,134.45883537733908,75.63000000000002,313.353,5.0,2.0,7.0,42.0,0.0,-17.406400000000005,261.0671999999995,495.7173837475217,633.2000000000003,1297.1280000000015,40.0,24.0,8.0,168.0,-9.05
29,3542_10,BDBM36126,BDBM36221,6.9,25.0,0.9570999999999996,100.79280000000004,161.37502616466924,135.96,386.40400000000017,8.0,5.0,8.0,50.0,0.0,-17.406400000000005,261.0671999999995,495.7173837475217,633.2000000000003,1297.1280000000015,40.0,24.0,8.0,168.0,-8.95
30,3542_5,BDBM36126,BDBM36216,6.9,25.0,1.2514999999999992,99.12800000000004,156.58079241247327,115.73000000000002,370.40500000000014,7.0,4.0,8.0,49.0,0.0,-17.406400000000005,261.0671999999995,495.7173837475217,633.2000000000003,1297.1280000000015,40.0,24.0,8.0,168.0,-8.88
31,3542_9,BDBM36126,BDBM36220,6.9,25.0,0.9570999999999996,100.79280000000004,161.37502616466924,135.96,386.40400000000017,8.0,5.0,8.0,50.0,0.0,-17.406400000000005,261.0671999999995,495.7173837475217,633.2000000000003,1297.1280000000015,40.0,24.0,8.0,168.0,-8.4
32,3542_2,BDBM36126,BDBM36213,6.9,25.0,1.2514999999999996,99.12800000000004,156.58079241247327,115.73000000000002,370.40500000000014,7.0,4.0,8.0,49.0,0.0,-17.406400000000005,261.0671999999995,495.7173837475217,633.2000000000003,1297.1280000000015,40.0,24.0,8.0,168.0,-8.3
33,3542_35,BDBM36126,BDBM36240,6.9,25.0,2.5997000000000003,106.06750000000004,168.83412845164347,95.94,396.44300000000015,7.0,2.0,7.0,53.0,0.0,-17.406400000000005,261.0671999999995,495.7173837475217,633.2000000000003,1297.1280000000015,40.0,24.0,8.0,168.0,-8.3
34,3542_38,BDBM36126,BDBM36243,6.9,25.0,2.5997000000000003,106.06750000000004,168.83412845164347,95.94,396.44300000000015,7.0,2.0,7.0,53.0,0.0,-17.406400000000005,261.0671999999995,495.7173837475217,633.2000000000003,1297.1280000000015,40.0,24.0,8.0,168.0,-8.09
35,3542_1,BDBM36126,BDBM36212,6.9,25.0,1.2514999999999996,99.12800000000004,156.58079241247327,115.73000000000002,370.40500000000014,7.0,4.0,8.0,49.0,0.0,-17.406400000000005,261.0671999999995,495.7173837475217,633.2000000000003,1297.1280000000015,40.0,24.0,8.0,168.0,-7.9
36,3542_18,BDBM36126,BDBM36225,6.9,25.0,2.998800000000001,85.94950000000006,134.45883537733908,75.63000000000002,313.353,5.0,2.0,7.0,42.0,0.0,-17.406400000000005,261.0671999999995,495.7173837475217,633.2000000000003,1297.1280000000015,40.0,24.0,8.0,168.0,-7.9
37,3535_13,BDBM36126,BDBM36151,7.2,25.0,1.3261000000000005,56.32360000000002,87.0815943582855,83.22,222.245,4.0,2.0,1.0,23.0,-1.0,-17.406400000000005,261.0671999999995,495.7173837475217,633.2000000000003,1297.1280000000015,40.0,24.0,8.0,168.0,-7.494
38,3542_26,BDBM36126,BDBM36231,6.9,25.0,1.3224000000000005,119.2086,188.8672552405821,149.61999999999995,452.46700000000016,10.0,5.0,10.0,57.0,0.0,-17.406400000000005,261.0671999999995,495.7173837475217,633.2000000000003,1297.1280000000015,40.0,24.0,8.0,168.0,-6.9
39,3535_11,BDBM36126,BDBM36146,7.2,25.0,1.7439000000000002,51.91120000000002,81.7417036612728,57.2,207.23,3.0,0.0,1.0,21.0,-1.0,-17.406400000000005,261.0671999999995,495.7173837475217,633.2000000000003,1297.1280000000015,40.0,24.0,8.0,168.0,-6.615
40,3542_21,BDBM36126,BDBM36228,6.9,25.0,0.8411000000000005,107.3519,172.97643028783256,133.82999999999998,413.4300000000002,9.0,4.0,10.0,53.0,0.0,-17.406400000000005,261.0671999999995,495.7173837475217,633.2000000000003,1297.1280000000015,40.0,24.0,8.0,168.0,-6.4
41,3542_28,BDBM36126,BDBM36233,6.9,25.0,2.1133999999999995,98.93720000000006,156.90010388978413,104.73,370.40500000000014,7.0,3.0,8.0,49.0,0.0,-17.406400000000005,261.0671999999995,495.7173837475217,633.2000000000003,1297.1280000000015,40.0,24.0,8.0,168.0,-6.2
42,3542_32,BDBM36126,BDBM36237,6.9,25.0,2.5947000000000005,110.79390000000004,172.79092884253362,120.52,409.4420000000002,8.0,4.0,8.0,53.0,0.0,-17.406400000000005,261.0671999999995,495.7173837475217,633.2000000000003,1297.1280000000015,40.0,24.0,8.0,168.0,-6.0
43,3535_5,BDBM11,BDBM36146,7.2,25.0,1.7439000000000002,51.91120000000002,81.7417036612728,57.2,207.23,3.0,0.0,1.0,21.0,-1.0,-15.23060000000003,228.4337999999996,433.9237704990695,554.0500000000002,1134.9870000000014,35.0,21.0,7.0,147.0,-30.69
44,3535_10,BDBM11,BDBM36148,7.2,25.0,1.1321999999999994,52.65900000000002,81.79870773226516,40.13,185.202,2.0,0.0,2.0,23.0,-1.0,-15.23060000000003,228.4337999999996,433.9237704990695,554.0500000000002,1134.9870000000014,35.0,21.0,7.0,147.0,-29.89
45,3549_8,BDBM11,BDBM36266,7.2,25.0,2.1935,45.23580000000002,68.80630150253657,20.23,154.253,1.0,1.0,0.0,29.0,0.0,-15.23060000000003,228.4337999999996,433.9237704990695,554.0500000000002,1134.9870000000014,35.0,21.0,7.0,147.0,-26.37
46,3549_7,BDBM11,BDBM36265,7.2,25.0,2.1935,45.23580000000002,68.80630150253657,20.23,154.253,1.0,1.0,0.0,29.0,0.0,-15.23060000000003,228.4337999999996,433.9237704990695,554.0500000000002,1134.9870000000014,35.0,21.0,7.0,147.0,-24.83
47,3549_5,BDBM11,BDBM36263,7.2,25.0,2.401700000000001,44.23600000000002,68.17358985038433,17.07,152.237,1.0,0.0,0.0,27.0,0.0,-15.23060000000003,228.4337999999996,433.9237704990695,554.0500000000002,1134.9870000000014,35.0,21.0,7.0,147.0,-24.52
48,3530_81,BDBM11,BDBM36106,6.9,25.0,1.1643,46.62560000000003,73.60053525473258,40.46,170.25199999999995,2.0,2.0,0.0,30.0,0.0,-15.23060000000003,228.4337999999996,433.9237704990695,554.0500000000002,1134.9870000000014,35.0,21.0,7.0,147.0,-24.38
49,3530_82,BDBM11,BDBM36107,6.9,25.0,1.1643,46.62560000000003,73.60053525473258,40.46,170.25199999999995,2.0,2.0,0.0,30.0,0.0,-15.23060000000003,228.4337999999996,433.9237704990695,554.0500000000002,1134.9870000000014,35.0,21.0,7.0,147.0,-22.36
50,3545_4,BDBM11,BDBM36253,7.2,25.0,4.342400000000004,76.09040000000007,107.40508397472617,0.0,235.415,1.0,0.0,9.0,46.0,0.0,-15.23060000000003,228.4337999999996,433.9237704990695,554.0500000000002,1134.9870000000014,35.0,21.0,7.0,147.0,-21.8
51,3549_6,BDBM11,BDBM36264,7.2,25.0,2.401700000000001,44.23600000000002,68.17358985038433,17.07,152.237,1.0,0.0,0.0,27.0,0.0,-15.23060000000003,228.4337999999996,433.9237704990695,554.0500000000002,1134.9870000000014,35.0,21.0,7.0,147.0,-21.74
52,3538_1,BDBM11,BDBM36168,7.2,25.0,3.143200000000001,106.01860000000006,169.6538184014664,80.59,391.5720000000002,4.0,2.0,4.0,67.0,-1.0,-15.23060000000003,228.4337999999996,433.9237704990695,554.0500000000002,1134.9870000000014,35.0,21.0,7.0,147.0,-21.71
53,3540_25,BDBM11,BDBM36194,6.9,25.0,2.0916,38.3258,57.0822484272726,20.23,128.215,1.0,1.0,0.0,25.0,0.0,-15.23060000000003,228.4337999999996,433.9237704990695,554.0500000000002,1134.9870000000014,35.0,21.0,7.0,147.0,-21.4
54,3545_1,BDBM11,BDBM36251,7.2,25.0,2.7820000000000014,57.62240000000005,81.94531551713972,0.0,179.30700000000004,1.0,0.0,5.0,34.0,0.0,-15.23060000000003,228.4337999999996,433.9237704990695,554.0500000000002,1134.9870000000014,35.0,21.0,7.0,147.0,-21.11
55,3538_2,BDBM11,BDBM36165,7.2,25.0,2.113999999999998,107.40840000000007,174.44805215366245,100.82,407.57100000000014,5.0,3.0,4.0,68.0,-1.0,-15.23060000000003,228.4337999999996,433.9237704990695,554.0500000000002,1134.9870000000014,35.0,21.0,7.0,147.0,-21.03
56,3530_23,BDBM11,BDBM36055,6.9,25.0,1.3004000000000002,61.22420000000003,103.6697734660663,74.27,310.189,4.0,0.0,2.0,30.0,-1.0,-15.23060000000003,228.4337999999996,433.9237704990695,554.0500000000002,1134.9870000000014,35.0,21.0,7.0,147.0,-21.0
57,3530_24,BDBM11,BDBM36056,6.9,25.0,1.3004000000000002,61.22420000000003,103.6697734660663,74.27,310.189,4.0,0.0,2.0,30.0,-1.0,-15.23060000000003,228.4337999999996,433.9237704990695,554.0500000000002,1134.9870000000014,35.0,21.0,7.0,147.0,-20.8
58,3530_33,BDBM11,BDBM36065,6.9,25.0,2.1466000000000003,49.20200000000003,77.8683218346148,46.5,181.235,3.0,0.0,1.0,28.0,0.0,-15.23060000000003,228.4337999999996,433.9237704990695,554.0500000000002,1134.9870000000014,35.0,21.0,7.0,147.0,-20.8
59,3535_4,BDBM11,BDBM50029034,7.2,25.0,1.7439000000000002,51.91120000000002,81.7417036612728,57.2,207.23,3.0,0.0,1.0,21.0,-1.0,-15.23060000000003,228.4337999999996,433.9237704990695,554.0500000000002,1134.9870000000014,35.0,21.0,7.0,147.0,-20.64
60,3530_35,BDBM11,BDBM36066,6.9,25.0,2.1466000000000003,49.20200000000003,77.8683218346148,46.5,181.235,3.0,0.0,1.0,28.0,0.0,-15.23060000000003,228.4337999999996,433.9237704990695,554.0500000000002,1134.9870000000014,35.0,21.0,7.0,147.0,-20.6
61,3530_55,BDBM11,BDBM36085,6.9,25.0,1.3724999999999998,45.62580000000002,72.96782360258035,37.3,168.23599999999996,2.0,1.0,0.0,28.0,0.0,-15.23060000000003,228.4337999999996,433.9237704990695,554.0500000000002,1134.9870000000014,35.0,21.0,7.0,147.0,-20.41
62,3538_3,BDBM11,BDBM36169,7.2,25.0,1.2302000000000004,120.41810000000008,196.88932066610744,129.92,464.62300000000033,7.0,4.0,6.0,75.0,-1.0,-15.23060000000003,228.4337999999996,433.9237704990695,554.0500000000002,1134.9870000000014,35.0,21.0,7.0,147.0,-20.32
63,3549_3,BDBM11,BDBM36178,7.2,25.0,1.7015,33.70879999999999,50.717306312876,20.23,114.18799999999999,1.0,1.0,0.0,22.0,0.0,-15.23060000000003,228.4337999999996,433.9237704990695,554.0500000000002,1134.9870000000014,35.0,21.0,7.0,147.0,-19.7
64,3530_56,BDBM11,BDBM36086,6.9,25.0,1.3724999999999998,45.62580000000002,72.96782360258035,37.3,168.23599999999996,2.0,1.0,0.0,28.0,0.0,-15.23060000000003,228.4337999999996,433.9237704990695,554.0500000000002,1134.9870000000014,35.0,21.0,7.0,147.0,-19.43
65,3538_4,BDBM11,BDBM36170,7.2,25.0,2.0255,129.97530000000006,209.56220082390828,146.98999999999995,514.7050000000003,8.0,4.0,7.0,79.0,-1.0,-15.23060000000003,228.4337999999996,433.9237704990695,554.0500000000002,1134.9870000000014,35.0,21.0,7.0,147.0,-19.35
66,3540_23,BDBM11,BDBM36193,6.9,25.0,1.5574,33.63879999999999,50.71730631287598,20.23,114.188,1.0,1.0,0.0,22.0,0.0,-15.23060000000003,228.4337999999996,433.9237704990695,554.0500000000002,1134.9870000000014,35.0,21.0,7.0,147.0,-19.3
67,3529_44,BDBM11,BDBM36011,6.9,24.85,1.2024999999999997,54.52940000000004,80.16508683595544,16.61,176.28300000000004,1.0,2.0,2.0,31.0,1.0,-15.23060000000003,228.4337999999996,433.9237704990695,554.0500000000002,1134.9870000000014,35.0,21.0,7.0,147.0,-19.3
68,3535_6,BDBM11,BDBM36149,7.2,25.0,0.6480000000000004,59.874400000000016,103.3703396713134,114.39999999999998,286.286,6.0,0.0,2.0,24.0,-2.0,-15.23060000000003,228.4337999999996,433.9237704990695,554.0500000000002,1134.9870000000014,35.0,21.0,7.0,147.0,-19.29
69,3534_53,BDBM11,BDBM36145,6.9,25.0,1.5574,33.63879999999999,50.71730631287598,20.23,114.188,1.0,1.0,0.0,22.0,0.0,-15.23060000000003,228.4337999999996,433.9237704990695,554.0500000000002,1134.9870000000014,35.0,21.0,7.0,147.0,-19.23
70,3530_90,BDBM11,BDBM36114,6.9,25.0,0.7066999999999996,36.19899999999999,61.24377052731636,40.13,141.19,2.0,0.0,2.0,23.0,-1.0,-15.23060000000003,228.4337999999996,433.9237704990695,554.0500000000002,1134.9870000000014,35.0,21.0,7.0,147.0,-19.2
71,3540_18,BDBM11,BDBM36189,6.9,25.0,1.7015,33.70879999999999,50.717306312876,20.23,114.18800000000002,1.0,1.0,0.0,22.0,0.0,-15.23060000000003,228.4337999999996,433.9237704990695,554.0500000000002,1134.9870000000014,35.0,21.0,7.0,147.0,-19.2
72,3540_19,BDBM11,BDBM36190,6.9,25.0,1.5574,33.63879999999999,50.71730631287597,20.23,114.188,1.0,1.0,0.0,22.0,0.0,-15.23060000000003,228.4337999999996,433.9237704990695,554.0500000000002,1134.9870000000014,35.0,21.0,7.0,147.0,-19.18
73,3540_21,BDBM11,BDBM36192,6.9,25.0,1.5574,33.63879999999999,50.71730631287598,20.23,114.188,1.0,1.0,0.0,22.0,0.0,-15.23060000000003,228.4337999999996,433.9237704990695,554.0500000000002,1134.9870000000014,35.0,21.0,7.0,147.0,-19.08
74,6_22,BDBM11,BDBM5,6.9,30.0,1.3114,29.091799999999985,44.352364198479385,20.23,100.161,1.0,1.0,0.0,19.0,0.0,-15.23060000000003,228.4337999999996,433.9237704990695,554.0500000000002,1134.9870000000014,35.0,21.0,7.0,147.0,-19.08
75,3540_20,BDBM11,BDBM36191,6.9,25.0,1.5574,33.63879999999999,50.71730631287597,20.23,114.188,1.0,1.0,0.0,22.0,0.0,-15.23060000000003,228.4337999999996,433.9237704990695,554.0500000000002,1134.9870000000014,35.0,21.0,7.0,147.0,-18.8
76,3539_56,BDBM11,BDBM36083,6.9,25.0,-0.32250000000000023,37.5888,66.03800427951236,60.36,157.189,3.0,1.0,2.0,24.0,-1.0,-15.23060000000003,228.4337999999996,433.9237704990695,554.0500000000002,1134.9870000000014,35.0,21.0,7.0,147.0,-18.506
77,3530_19,BDBM11,BDBM36051,6.9,25.0,1.0725999999999996,50.84770000000003,83.75878478571174,64.63,203.238,5.0,1.0,2.0,31.0,0.0,-15.23060000000003,228.4337999999996,433.9237704990695,554.0500000000002,1134.9870000000014,35.0,21.0,7.0,147.0,-16.4
78,3539_30,BDBM11,BDBM36067,6.9,25.0,0.927,53.126200000000026,89.80222586042498,74.27,231.293,4.0,0.0,2.0,30.0,-1.0,-15.23060000000003,228.4337999999996,433.9237704990695,554.0500000000002,1134.9870000000014,35.0,21.0,7.0,147.0,-16.38
79,3530_54,BDBM11,BDBM36084,6.9,25.0,-0.32250000000000023,37.5888,66.03800427951236,60.36,157.189,3.0,1.0,2.0,24.0,-1.0,-15.23060000000003,228.4337999999996,433.9237704990695,554.0500000000002,1134.9870000000014,35.0,21.0,7.0,147.0,-16.31
80,3530_20,BDBM11,BDBM36052,6.9,25.0,1.0725999999999996,50.84770000000003,83.75878478571174,64.63,203.238,5.0,1.0,2.0,31.0,0.0,-15.23060000000003,228.4337999999996,433.9237704990695,554.0500000000002,1134.9870000000014,35.0,21.0,7.0,147.0,-16.3
81,6_25,BDBM11,BDBM7,6.9,25.0,1.7656,32.63899999999998,50.084594660723724,17.07,112.17200000000001,1.0,0.0,0.0,20.0,0.0,-15.23060000000003,228.4337999999996,433.9237704990695,554.0500000000002,1134.9870000000014,35.0,21.0,7.0,147.0,-16.24
82,6_24,BDBM11,BDBM6,6.9,25.0,1.5196,28.091999999999985,43.71965254632713,17.07,98.145,1.0,0.0,0.0,17.0,0.0,-15.23060000000003,228.4337999999996,433.9237704990695,554.0500000000002,1134.9870000000014,35.0,21.0,7.0,147.0,-16.24
83,3530_38,BDBM11,BDBM36068,6.9,25.0,0.927,53.126200000000026,89.80222586042498,74.27,231.293,4.0,0.0,2.0,30.0,-1.0,-15.23060000000003,228.4337999999996,433.9237704990695,554.0500000000002,1134.9870000000014,35.0,21.0,7.0,147.0,-16.203
84,3539_32,BDBM11,BDBM36116,6.9,25.0,1.2511999999999996,47.13510000000004,68.23106227409612,27.64,150.245,1.0,3.0,4.0,27.0,1.0,-15.23060000000003,228.4337999999996,433.9237704990695,554.0500000000002,1134.9870000000014,35.0,21.0,7.0,147.0,-16.2
85,3540_7,BDBM11,BDBM36184,6.9,25.0,0.7591999999999998,44.38700000000003,71.84692742932317,40.13,163.196,2.0,0.0,4.0,23.0,-1.0,-15.23060000000003,228.4337999999996,433.9237704990695,554.0500000000002,1134.9870000000014,35.0,21.0,7.0,147.0,-16.2
86,3530_74,BDBM11,BDBM36099,6.9,25.0,0.9301,44.48100000000003,71.84692742932317,40.13,163.196,2.0,0.0,3.0,23.0,-1.0,-15.23060000000003,228.4337999999996,433.9237704990695,554.0500000000002,1134.9870000000014,35.0,21.0,7.0,147.0,-16.2
87,3540_15,BDBM11,BDBM36142,6.9,25.0,1.5888,41.13109999999999,58.63373652561853,27.64,130.255,1.0,3.0,6.0,29.0,1.0,-15.23060000000003,228.4337999999996,433.9237704990695,554.0500000000002,1134.9870000000014,35.0,21.0,7.0,147.0,-16.2
88,3530_93,BDBM11,BDBM36117,6.9,25.0,0.9301,44.48100000000003,71.84692742932317,40.13,163.196,2.0,0.0,3.0,23.0,-1.0,-15.23060000000003,228.4337999999996,433.9237704990695,554.0500000000002,1134.9870000000014,35.0,21.0,7.0,147.0,-16.119
89,3530_73,BDBM11,BDBM36098,6.9,25.0,0.9301,44.48100000000003,71.84692742932317,40.13,163.196,2.0,0.0,3.0,23.0,-1.0,-15.23060000000003,228.4337999999996,433.9237704990695,554.0500000000002,1134.9870000000014,35.0,21.0,7.0,147.0,-16.05
90,3530_17,BDBM11,BDBM36049,6.9,25.0,-0.35050000000000026,43.83870000000002,77.07453119400428,78.46000000000002,188.20299999999997,5.0,1.0,2.0,27.0,-1.0,-15.23060000000003,228.4337999999996,433.9237704990695,554.0500000000002,1134.9870000000014,35.0,21.0,7.0,147.0,-15.99
91,3540_6,BDBM11,BDBM36203,6.9,25.0,0.9301,44.48100000000003,71.84692742932317,40.13,163.196,2.0,0.0,3.0,23.0,-1.0,-15.23060000000003,228.4337999999996,433.9237704990695,554.0500000000002,1134.9870000000014,35.0,21.0,7.0,147.0,-15.87
92,3530_18,BDBM11,BDBM36050,6.9,25.0,-0.35050000000000026,43.83870000000002,77.07453119400428,78.46000000000002,188.20299999999997,5.0,1.0,2.0,27.0,-1.0,-15.23060000000003,228.4337999999996,433.9237704990695,554.0500000000002,1134.9870000000014,35.0,21.0,7.0,147.0,-15.77
93,3539_42,BDBM11,BDBM36143,6.9,25.0,0.07469999999999999,41.43480000000002,70.27621906712257,60.36,165.168,3.0,1.0,3.0,21.0,-1.0,-15.23060000000003,228.4337999999996,433.9237704990695,554.0500000000002,1134.9870000000014,35.0,21.0,7.0,147.0,-15.7
94,3539_58,BDBM11,BDBM36073,6.9,25.0,1.1970999999999992,38.92510000000001,57.6279053720893,27.64,128.239,1.0,3.0,1.0,27.0,1.0,-15.23060000000003,228.4337999999996,433.9237704990695,554.0500000000002,1134.9870000000014,35.0,21.0,7.0,147.0,-15.7
95,3530_44,BDBM11,BDBM36074,6.9,25.0,1.1970999999999992,38.92510000000001,57.6279053720893,27.64,128.239,1.0,3.0,1.0,27.0,1.0,-15.23060000000003,228.4337999999996,433.9237704990695,554.0500000000002,1134.9870000000014,35.0,21.0,7.0,147.0,-15.35
96,3540_3,BDBM11,BDBM50240408,6.9,25.0,0.7066999999999999,33.765999999999984,55.884659566448974,40.13,129.179,2.0,0.0,5.0,22.0,-1.0,-15.23060000000003,228.4337999999996,433.9237704990695,554.0500000000002,1134.9870000000014,35.0,21.0,7.0,147.0,-15.282
97,3530_21,BDBM11,BDBM36053,6.9,25.0,-1.3780999999999992,45.25050000000002,81.8687649462003,98.69,204.202,6.0,2.0,3.0,28.0,-1.0,-15.23060000000003,228.4337999999996,433.9237704990695,554.0500000000002,1134.9870000000014,35.0,21.0,7.0,147.0,-15.27
98,3530_22,BDBM11,BDBM36054,6.9,25.0,-1.3780999999999992,45.25050000000002,81.8687649462003,98.69,204.202,6.0,2.0,3.0,28.0,-1.0,-15.23060000000003,228.4337999999996,433.9237704990695,554.0500000000002,1134.9870000000014,35.0,21.0,7.0,147.0,-15.03
99,3535_7,BDBM11,BDBM36147,7.2,25.0,0.6480000000000004,59.874400000000016,103.3703396713134,114.39999999999998,286.286,6.0,0.0,2.0,24.0,-2.0,-15.23060000000003,228.4337999999996,433.9237704990695,554.0500000000002,1134.9870000000014,35.0,21.0,7.0,147.0,-15.0
100,3530_28,BDBM11,BDBM36060,6.9,25.0,1.1904,34.974000000000004,57.341634420607974,26.3,181.02900000000002,2.0,0.0,2.0,17.0,0.0,-15.23060000000003,228.4337999999996,433.9237704990695,554.0500000000002,1134.9870000000014,35.0,21.0,7.0,147.0,-14.94
101,6_26,BDBM11,BDBM8,6.9,25.0,0.2822000000000001,30.481599999999986,49.146597950675385,40.46,116.15999999999998,2.0,2.0,0.0,20.0,0.0,-15.23060000000003,228.4337999999996,433.9237704990695,554.0500000000002,1134.9870000000014,35.0,21.0,7.0,147.0,-14.92
102,3530_27,BDBM11,BDBM36059,6.9,25.0,1.1904,34.974000000000004,57.341634420607974,26.3,181.02900000000002,2.0,0.0,2.0,17.0,0.0,-15.23060000000003,228.4337999999996,433.9237704990695,554.0500000000002,1134.9870000000014,35.0,21.0,7.0,147.0,-14.88
103,3530_85,BDBM11,BDBM36110,6.9,25.0,1.8221,53.90400000000004,84.59674938000066,27.69,196.24599999999998,3.0,0.0,6.0,30.0,0.0,-15.23060000000003,228.4337999999996,433.9237704990695,554.0500000000002,1134.9870000000014,35.0,21.0,7.0,147.0,-14.88
104,3530_9,BDBM11,BDBM36041,6.9,25.0,1.6019999999999999,45.83800000000003,72.11243088256792,21.76,164.20399999999995,2.0,0.0,4.0,24.0,0.0,-15.23060000000003,228.4337999999996,433.9237704990695,554.0500000000002,1134.9870000000014,35.0,21.0,7.0,147.0,-14.86
105,3530_10,BDBM11,BDBM36042,6.9,25.0,1.6019999999999999,45.83800000000003,72.11243088256792,21.76,164.20399999999995,2.0,0.0,4.0,24.0,0.0,-15.23060000000003,228.4337999999996,433.9237704990695,554.0500000000002,1134.9870000000014,35.0,21.0,7.0,147.0,-14.8
106,3539_34,BDBM11,BDBM36115,6.9,25.0,1.2495999999999994,47.11310000000002,68.23106227409612,27.64,150.245,1.0,3.0,3.0,27.0,1.0,-15.23060000000003,228.4337999999996,433.9237704990695,554.0500000000002,1134.9870000000014,35.0,21.0,7.0,147.0,-14.779000000000002
107,3530_30,BDBM11,BDBM36062,6.9,25.0,-0.14180000000000015,44.95200000000003,82.242890932131,66.43,197.21,4.0,0.0,1.0,27.0,-1.0,-15.23060000000003,228.4337999999996,433.9237704990695,554.0500000000002,1134.9870000000014,35.0,21.0,7.0,147.0,-14.72
108,3539_28,BDBM11,BDBM36061,6.9,25.0,-0.14180000000000015,44.95200000000003,82.242890932131,66.43,197.21,4.0,0.0,1.0,27.0,-1.0,-15.23060000000003,228.4337999999996,433.9237704990695,554.0500000000002,1134.9870000000014,35.0,21.0,7.0,147.0,-14.64
109,3539_20,BDBM11,BDBM36176,6.9,25.0,0.9213,24.47479999999999,37.98742208408277,20.23,86.134,1.0,1.0,0.0,16.0,0.0,-15.23060000000003,228.4337999999996,433.9237704990695,554.0500000000002,1134.9870000000014,35.0,21.0,7.0,147.0,-14.37
110,3539_38,BDBM11,BDBM36026,6.9,25.0,0.36909999999999976,39.770000000000024,65.48198531492656,40.13,149.16899999999995,2.0,0.0,3.0,20.0,-1.0,-15.23060000000003,228.4337999999996,433.9237704990695,554.0500000000002,1134.9870000000014,35.0,21.0,7.0,147.0,-14.37
111,3530_65,BDBM11,BDBM36091,6.9,25.0,0.8404999999999995,46.19100000000002,89.45707886760876,49.36,233.165,3.0,0.0,3.0,24.0,-1.0,-15.23060000000003,228.4337999999996,433.9237704990695,554.0500000000002,1134.9870000000014,35.0,21.0,7.0,147.0,-14.2
112,3535_8,BDBM11,BDBM36150,7.2,25.0,-0.4478999999999995,67.83760000000001,124.99897568135404,171.59999999999997,365.34200000000016,9.0,0.0,3.0,27.0,-3.0,-15.23060000000003,228.4337999999996,433.9237704990695,554.0500000000002,1134.9870000000014,35.0,21.0,7.0,147.0,-14.068
113,3530_87,BDBM11,BDBM36112,6.9,25.0,-0.33729999999999993,49.63670000000002,86.67185694248188,78.46,208.193,5.0,1.0,4.0,25.0,-1.0,-15.23060000000003,228.4337999999996,433.9237704990695,554.0500000000002,1134.9870000000014,35.0,21.0,7.0,147.0,-14.01
114,3539_54,BDBM11,BDBM36038,6.9,25.0,-0.8107000000000004,54.42250000000002,92.71748757956762,89.46000000000002,222.22,5.0,2.0,4.0,28.0,-1.0,-15.23060000000003,228.4337999999996,433.9237704990695,554.0500000000002,1134.9870000000014,35.0,21.0,7.0,147.0,-13.94
115,3530_39,BDBM11,BDBM36069,6.9,25.0,0.05119999999999991,54.23170000000002,93.03679905687851,78.46000000000002,222.22,5.0,1.0,4.0,28.0,-1.0,-15.23060000000003,228.4337999999996,433.9237704990695,554.0500000000002,1134.9870000000014,35.0,21.0,7.0,147.0,-13.9
116,3530_40,BDBM11,BDBM36070,6.9,25.0,0.05119999999999991,54.23170000000002,93.03679905687851,78.46000000000002,222.22,5.0,1.0,4.0,28.0,-1.0,-15.23060000000003,228.4337999999996,433.9237704990695,554.0500000000002,1134.9870000000014,35.0,21.0,7.0,147.0,-13.8
117,3530_25,BDBM11,BDBM36057,6.9,25.0,1.0097,30.04379999999999,46.495858728856746,20.23,153.019,1.0,1.0,2.0,15.0,0.0,-15.23060000000003,228.4337999999996,433.9237704990695,554.0500000000002,1134.9870000000014,35.0,21.0,7.0,147.0,-13.7
118,3530_66,BDBM11,BDBM36092,6.9,25.0,0.8404999999999995,46.19100000000002,89.45707886760876,49.36,233.165,3.0,0.0,3.0,24.0,-1.0,-15.23060000000003,228.4337999999996,433.9237704990695,554.0500000000002,1134.9870000000014,35.0,21.0,7.0,147.0,-13.5
119,3530_26,BDBM11,BDBM36058,6.9,25.0,1.0097,30.04379999999999,46.495858728856746,20.23,153.019,1.0,1.0,2.0,15.0,0.0,-15.23060000000003,228.4337999999996,433.9237704990695,554.0500000000002,1134.9870000000014,35.0,21.0,7.0,147.0,-13.31
120,3531_8,BDBM11,BDBM50043802,6.9,25.0,0.5239999999999998,57.05130000000002,92.71748757956762,86.63,223.228,5.0,3.0,4.0,29.0,0.0,-15.23060000000003,228.4337999999996,433.9237704990695,554.0500000000002,1134.9870000000014,35.0,21.0,7.0,147.0,-13.021
121,3529_42,BDBM11,BDBM36009,6.9,24.85,0.5563999999999998,49.19060000000004,77.5931843109823,49.69,182.21900000000005,3.0,2.0,5.0,27.0,0.0,-15.23060000000003,228.4337999999996,433.9237704990695,554.0500000000002,1134.9870000000014,35.0,21.0,7.0,147.0,-12.98
122,3531_7,BDBM11,BDBM50043820,6.9,25.0,0.5239999999999998,57.05130000000002,92.71748757956762,86.63,223.228,5.0,3.0,4.0,29.0,0.0,-15.23060000000003,228.4337999999996,433.9237704990695,554.0500000000002,1134.9870000000014,35.0,21.0,7.0,147.0,-12.98
123,3530_5,BDBM11,BDBM36037,6.9,25.0,-0.8107000000000004,54.42250000000002,92.71748757956762,89.46000000000002,222.22,5.0,2.0,4.0,28.0,-1.0,-15.23060000000003,228.4337999999996,433.9237704990695,554.0500000000002,1134.9870000000014,35.0,21.0,7.0,147.0,-12.95
124,3530_11,BDBM11,BDBM36043,6.9,25.0,0.4538,53.100600000000036,88.06584050135659,58.92,210.229,4.0,2.0,3.0,29.0,0.0,-15.23060000000003,228.4337999999996,433.9237704990695,554.0500000000002,1134.9870000000014,35.0,21.0,7.0,147.0,-12.91
125,3536_12,BDBM11,BDBM36160,6.9,25.0,1.5574,31.205799999999986,45.3581953520086,20.23,102.17699999999998,1.0,1.0,3.0,21.0,0.0,-15.23060000000003,228.4337999999996,433.9237704990695,554.0500000000002,1134.9870000000014,35.0,21.0,7.0,147.0,-12.85
126,3531_9,BDBM11,BDBM36121,6.9,25.0,1.6638999999999995,111.79780000000004,183.37997772301316,162.26000000000005,444.44000000000017,10.0,5.0,11.0,56.0,0.0,-15.23060000000003,228.4337999999996,433.9237704990695,554.0500000000002,1134.9870000000014,35.0,21.0,7.0,147.0,-12.85
127,3530_12,BDBM11,BDBM36044,6.9,25.0,0.4538,53.100600000000036,88.06584050135659,58.92,210.229,4.0,2.0,3.0,29.0,0.0,-15.23060000000003,228.4337999999996,433.9237704990695,554.0500000000002,1134.9870000000014,35.0,21.0,7.0,147.0,-12.8
128,3530_88,BDBM11,BDBM36113,6.9,25.0,0.05119999999999991,54.23170000000002,93.03679905687851,78.46000000000002,222.22,5.0,1.0,4.0,28.0,-1.0,-15.23060000000003,228.4337999999996,433.9237704990695,554.0500000000002,1134.9870000000014,35.0,21.0,7.0,147.0,-12.76
129,3539_36,BDBM11,BDBM36135,6.9,25.0,0.35851999999999995,35.5095,59.117043200529956,40.13,135.142,2.0,0.0,1.0,17.0,-1.0,-15.23060000000003,228.4337999999996,433.9237704990695,554.0500000000002,1134.9870000000014,35.0,21.0,7.0,147.0,-12.76
130,3529_79,BDBM11,BDBM36027,6.9,24.85,0.8610999999999995,42.518100000000025,61.866120159699506,27.64,136.218,1.0,3.0,3.0,24.0,1.0,-15.23060000000003,228.4337999999996,433.9237704990695,554.0500000000002,1134.9870000000014,35.0,21.0,7.0,147.0,-12.728
131,3530_49,BDBM11,BDBM36079,6.9,25.0,-0.44576000000000016,90.77900000000004,159.86968060431468,132.86,384.34000000000015,8.0,0.0,7.0,44.0,-2.0,-15.23060000000003,228.4337999999996,433.9237704990695,554.0500000000002,1134.9870000000014,35.0,21.0,7.0,147.0,-12.7
132,3539_40,BDBM11,BDBM36144,6.9,25.0,0.07469999999999999,41.434800000000024,70.27621906712257,60.36,165.16799999999995,3.0,1.0,3.0,21.0,-1.0,-15.23060000000003,228.4337999999996,433.9237704990695,554.0500000000002,1134.9870000000014,35.0,21.0,7.0,147.0,-12.69
133,3532_55,BDBM11,BDBM36130,6.9,25.0,3.3824,13.568000000000005,34.355936634923424,0.0,144.96200000000005,0.0,0.0,0.0,7.0,-1.0,-15.23060000000003,228.4337999999996,433.9237704990695,554.0500000000002,1134.9870000000014,35.0,21.0,7.0,147.0,-12.61
134,3531_10,BDBM11,BDBM36122,6.9,25.0,1.6638999999999995,111.79780000000004,183.37997772301316,162.26000000000005,444.44000000000017,10.0,5.0,11.0,56.0,0.0,-15.23060000000003,228.4337999999996,433.9237704990695,554.0500000000002,1134.9870000000014,35.0,21.0,7.0,147.0,-12.53
135,3529_82,BDBM11,BDBM36029,6.9,24.85,0.3017000000000001,48.71320000000003,73.23526751288745,36.84,166.24400000000003,2.0,3.0,3.0,28.0,1.0,-15.23060000000003,228.4337999999996,433.9237704990695,554.0500000000002,1134.9870000000014,35.0,21.0,7.0,147.0,-12.52
136,3530_50,BDBM11,BDBM36080,6.9,25.0,-0.44576000000000016,90.77900000000004,159.86968060431468,132.86,384.34000000000015,8.0,0.0,7.0,44.0,-2.0,-15.23060000000003,228.4337999999996,433.9237704990695,554.0500000000002,1134.9870000000014,35.0,21.0,7.0,147.0,-12.435
137,3530_72,BDBM11,BDBM36097,6.9,25.0,0.9301,44.48100000000003,71.84692742932317,40.13,163.196,2.0,0.0,3.0,23.0,-1.0,-15.23060000000003,228.4337999999996,433.9237704990695,554.0500000000002,1134.9870000000014,35.0,21.0,7.0,147.0,-12.4
138,3530_71,BDBM11,BDBM36096,6.9,25.0,0.9301,44.48100000000003,71.84692742932317,40.13,163.196,2.0,0.0,3.0,23.0,-1.0,-15.23060000000003,228.4337999999996,433.9237704990695,554.0500000000002,1134.9870000000014,35.0,21.0,7.0,147.0,-12.27
139,3529_59,BDBM11,BDBM36019,6.9,24.85,0.4795999999999998,44.453100000000006,66.97966538920639,36.87000000000001,152.217,2.0,3.0,3.0,25.0,1.0,-15.23060000000003,228.4337999999996,433.9237704990695,554.0500000000002,1134.9870000000014,35.0,21.0,7.0,147.0,-12.27
140,3529_65,BDBM11,BDBM36030,6.9,24.85,0.77942,42.63810000000001,61.8661201596995,27.64,136.21800000000002,1.0,3.0,2.0,24.0,1.0,-15.23060000000003,228.4337999999996,433.9237704990695,554.0500000000002,1134.9870000000014,35.0,21.0,7.0,147.0,-12.25
141,3530_77,BDBM11,BDBM36102,6.9,25.0,-0.6601000000000004,41.159800000000025,70.27621906712257,60.36,165.16799999999995,3.0,1.0,3.0,21.0,-1.0,-15.23060000000003,228.4337999999996,433.9237704990695,554.0500000000002,1134.9870000000014,35.0,21.0,7.0,147.0,-12.07
142,3530_42,BDBM11,BDBM36072,6.9,25.0,0.2822000000000001,30.481599999999986,49.146597950675385,40.46,116.15999999999998,2.0,2.0,0.0,20.0,0.0,-15.23060000000003,228.4337999999996,433.9237704990695,554.0500000000002,1134.9870000000014,35.0,21.0,7.0,147.0,-12.07
143,3530_14,BDBM11,BDBM36046,6.9,25.0,-0.08270000000000023,55.197400000000044,88.75236017757494,69.92,212.245,4.0,3.0,6.0,31.0,0.0,-15.23060000000003,228.4337999999996,433.9237704990695,554.0500000000002,1134.9870000000014,35.0,21.0,7.0,147.0,-12.07
144,3530_41,BDBM11,BDBM36071,6.9,25.0,0.2822000000000001,30.481599999999986,49.146597950675385,40.46,116.15999999999998,2.0,2.0,0.0,20.0,0.0,-15.23060000000003,228.4337999999996,433.9237704990695,554.0500000000002,1134.9870000000014,35.0,21.0,7.0,147.0,-12.03
145,3530_13,BDBM11,BDBM36045,6.9,25.0,-0.08270000000000023,55.197400000000044,88.75236017757494,69.92,212.245,4.0,3.0,6.0,31.0,0.0,-15.23060000000003,228.4337999999996,433.9237704990695,554.0500000000002,1134.9870000000014,35.0,21.0,7.0,147.0,-11.97
146,3530_78,BDBM11,BDBM36103,6.9,25.0,-0.6601000000000004,41.159800000000025,70.27621906712257,60.36,165.16799999999995,3.0,1.0,3.0,21.0,-1.0,-15.23060000000003,228.4337999999996,433.9237704990695,554.0500000000002,1134.9870000000014,35.0,21.0,7.0,147.0,-11.97
147,3539_46,BDBM11,BDBM50067723,6.9,25.0,0.1765999999999997,39.56590000000002,60.29541179749889,47.87000000000001,138.18999999999997,2.0,4.0,2.0,22.0,1.0,-15.23060000000003,228.4337999999996,433.9237704990695,554.0500000000002,1134.9870000000014,35.0,21.0,7.0,147.0,-11.81
148,3539_48,BDBM11,BDBM36034,6.9,25.0,-0.5163000000000004,52.75770000000002,87.92325382737161,69.22999999999999,206.221,4.0,1.0,4.0,27.0,-1.0,-15.23060000000003,228.4337999999996,433.9237704990695,554.0500000000002,1134.9870000000014,35.0,21.0,7.0,147.0,-11.8
149,3529_50,BDBM11,BDBM36014,6.9,24.85,0.3017000000000001,48.71320000000003,73.23526751288745,36.84,166.24400000000003,2.0,3.0,3.0,28.0,1.0,-15.23060000000003,228.4337999999996,433.9237704990695,554.0500000000002,1134.9870000000014,35.0,21.0,7.0,147.0,-11.78
150,3529_57,BDBM11,BDBM36018,6.9,24.85,0.4795999999999998,44.453100000000006,66.97966538920637,36.87000000000001,152.21699999999996,2.0,3.0,3.0,25.0,1.0,-15.23060000000003,228.4337999999996,433.9237704990695,554.0500000000002,1134.9870000000014,35.0,21.0,7.0,147.0,-11.76
151,3529_63,BDBM11,BDBM36020,6.9,24.85,0.1851999999999998,46.11790000000002,71.77389914140241,57.10000000000001,168.21599999999998,3.0,4.0,3.0,26.0,1.0,-15.23060000000003,228.4337999999996,433.9237704990695,554.0500000000002,1134.9870000000014,35.0,21.0,7.0,147.0,-11.681
152,3540_14,BDBM11,BDBM36187,6.9,25.0,1.1971,36.49209999999998,52.2687944112219,27.64,116.228,1.0,3.0,4.0,26.0,1.0,-15.23060000000003,228.4337999999996,433.9237704990695,554.0500000000002,1134.9870000000014,35.0,21.0,7.0,147.0,-11.63
153,3530_61,BDBM11,BDBM36088,6.9,25.0,0.8929999999999998,43.41780000000003,70.59553054443344,46.53,166.176,3.0,1.0,2.0,22.0,0.0,-15.23060000000003,228.4337999999996,433.9237704990695,554.0500000000002,1134.9870000000014,35.0,21.0,7.0,147.0,-11.61
154,3529_52,BDBM11,BDBM36015,6.9,24.85,0.3017000000000001,48.71320000000003,73.23526751288745,36.84,166.24400000000003,2.0,3.0,3.0,28.0,1.0,-15.23060000000003,228.4337999999996,433.9237704990695,554.0500000000002,1134.9870000000014,35.0,21.0,7.0,147.0,-11.6
155,3530_15,BDBM11,BDBM36047,6.9,25.0,-1.4363999999999992,47.781100000000016,82.3003633558428,77.0,195.218,4.0,3.0,5.0,27.0,0.0,-15.23060000000003,228.4337999999996,433.9237704990695,554.0500000000002,1134.9870000000014,35.0,21.0,7.0,147.0,-11.47
156,3540_11,BDBM11,BDBM36186,6.9,25.0,-0.012400000000000409,41.70500000000003,70.59553054443344,49.36,165.168,3.0,0.0,3.0,21.0,-1.0,-15.23060000000003,228.4337999999996,433.9237704990695,554.0500000000002,1134.9870000000014,35.0,21.0,7.0,147.0,-11.4
157,3530_16,BDBM11,BDBM36048,6.9,25.0,-1.4363999999999992,47.781100000000016,82.3003633558428,77.0,195.218,4.0,3.0,5.0,27.0,0.0,-15.23060000000003,228.4337999999996,433.9237704990695,554.0500000000002,1134.9870000000014,35.0,21.0,7.0,147.0,-11.34
158,3529_81,BDBM11,BDBM36028,6.9,24.85,0.3017000000000001,48.71320000000003,73.23526751288745,36.84,166.24400000000003,2.0,3.0,3.0,28.0,1.0,-15.23060000000003,228.4337999999996,433.9237704990695,554.0500000000002,1134.9870000000014,35.0,21.0,7.0,147.0,-11.33
159,3530_59,BDBM11,BDBM36087,6.9,25.0,0.8929999999999998,43.41780000000003,70.59553054443344,46.53,166.176,3.0,1.0,2.0,22.0,0.0,-15.23060000000003,228.4337999999996,433.9237704990695,554.0500000000002,1134.9870000000014,35.0,21.0,7.0,147.0,-11.29
160,3540_13,BDBM11,BDBM36140,6.9,25.0,0.8086000000000002,31.89709999999999,45.90385229682529,27.64,102.201,1.0,3.0,4.0,23.0,1.0,-15.23060000000003,228.4337999999996,433.9237704990695,554.0500000000002,1134.9870000000014,35.0,21.0,7.0,147.0,-11.29
161,3530_76,BDBM11,BDBM36101,6.9,25.0,0.7122999999999999,38.487600000000015,59.74975485268219,40.46,138.166,2.0,2.0,2.0,20.0,0.0,-15.23060000000003,228.4337999999996,433.9237704990695,554.0500000000002,1134.9870000000014,35.0,21.0,7.0,147.0,-11.23
162,3530_75,BDBM11,BDBM36100,6.9,25.0,0.7122999999999999,38.487600000000015,59.74975485268219,40.46,138.166,2.0,2.0,2.0,20.0,0.0,-15.23060000000003,228.4337999999996,433.9237704990695,554.0500000000002,1134.9870000000014,35.0,21.0,7.0,147.0,-11.11
163,3530_1,BDBM11,BDBM36033,6.9,25.0,-0.5163000000000004,52.75770000000002,87.92325382737161,69.22999999999999,206.221,4.0,1.0,4.0,27.0,-1.0,-15.23060000000003,228.4337999999996,433.9237704990695,554.0500000000002,1134.9870000000014,35.0,21.0,7.0,147.0,-11.1
164,3529_71,BDBM11,BDBM36022,6.9,24.85,-0.3324999999999998,40.82170000000002,65.08964554969491,68.10000000000001,154.189,3.0,5.0,2.0,23.0,1.0,-15.23060000000003,228.4337999999996,433.9237704990695,554.0500000000002,1134.9870000000014,35.0,21.0,7.0,147.0,-11.04
165,3535_9,BDBM11,BDBM36151,7.2,25.0,1.3261000000000005,56.32360000000002,87.0815943582855,83.22,222.245,4.0,2.0,1.0,23.0,-1.0,-15.23060000000003,228.4337999999996,433.9237704990695,554.0500000000002,1134.9870000000014,35.0,21.0,7.0,147.0,-11.01
166,3540_2,BDBM11,BDBM36174,6.9,25.0,0.3166,29.148999999999987,49.519717452052355,40.13,115.152,2.0,0.0,4.0,19.0,-1.0,-15.23060000000003,228.4337999999996,433.9237704990695,554.0500000000002,1134.9870000000014,35.0,21.0,7.0,147.0,-11.01
167,3529_75,BDBM11,BDBM36024,6.9,24.85,-0.3811999999999995,45.78300000000002,71.66455915068686,57.07000000000001,168.21599999999995,3.0,4.0,3.0,26.0,1.0,-15.23060000000003,228.4337999999996,433.9237704990695,554.0500000000002,1134.9870000000014,35.0,21.0,7.0,147.0,-10.95
168,3540_9,BDBM11,BDBM36134,6.9,25.0,0.28742,39.890000000000015,65.48198531492656,40.13,149.16899999999998,2.0,0.0,2.0,20.0,-1.0,-15.23060000000003,228.4337999999996,433.9237704990695,554.0500000000002,1134.9870000000014,35.0,21.0,7.0,147.0,-10.95
169,3529_47,BDBM11,BDBM36012,6.9,24.85,0.4881999999999999,51.00510000000002,78.45815273310987,46.1,182.243,3.0,3.0,4.0,29.0,1.0,-15.23060000000003,228.4337999999996,433.9237704990695,554.0500000000002,1134.9870000000014,35.0,21.0,7.0,147.0,-10.93
170,3529_69,BDBM11,BDBM36021,6.9,24.85,-0.3325,40.82170000000002,65.08964554969491,68.10000000000001,154.189,3.0,5.0,2.0,23.0,1.0,-15.23060000000003,228.4337999999996,433.9237704990695,554.0500000000002,1134.9870000000014,35.0,21.0,7.0,147.0,-10.89
171,3540_10,BDBM11,BDBM36185,6.9,25.0,-0.012400000000000409,41.70500000000003,70.59553054443344,49.36,165.16799999999995,3.0,0.0,3.0,21.0,-1.0,-15.23060000000003,228.4337999999996,433.9237704990695,554.0500000000002,1134.9870000000014,35.0,21.0,7.0,147.0,-10.886
172,3530_80,BDBM11,BDBM36105,6.9,25.0,0.5399999999999999,39.864000000000026,65.48198531492656,40.13,149.16899999999995,2.0,0.0,2.0,20.0,-1.0,-15.23060000000003,228.4337999999996,433.9237704990695,554.0500000000002,1134.9870000000014,35.0,21.0,7.0,147.0,-10.86
173,3530_79,BDBM11,BDBM36104,6.9,25.0,0.5399999999999999,39.864000000000026,65.48198531492656,40.13,149.16899999999995,2.0,0.0,2.0,20.0,-1.0,-15.23060000000003,228.4337999999996,433.9237704990695,554.0500000000002,1134.9870000000014,35.0,21.0,7.0,147.0,-10.844
174,3536_11,BDBM11,BDBM36159,6.9,25.0,1.1673,26.588799999999992,38.99325323761199,20.23,88.14999999999998,1.0,1.0,2.0,18.0,0.0,-15.23060000000003,228.4337999999996,433.9237704990695,554.0500000000002,1134.9870000000014,35.0,21.0,7.0,147.0,-10.84
175,3530_45,BDBM11,BDBM36075,6.9,25.0,-1.0626000000000009,81.30500000000005,147.13979637552146,132.86,356.28600000000006,8.0,0.0,7.0,38.0,-2.0,-15.23060000000003,228.4337999999996,433.9237704990695,554.0500000000002,1134.9870000000014,35.0,21.0,7.0,147.0,-10.802
176,3536_10,BDBM11,BDBM36158,6.9,25.0,1.1673,26.588799999999992,38.99325323761199,20.23,88.14999999999998,1.0,1.0,2.0,18.0,0.0,-15.23060000000003,228.4337999999996,433.9237704990695,554.0500000000002,1134.9870000000014,35.0,21.0,7.0,147.0,-10.8
177,3529_45,BDBM11,BDBM50049797,6.9,24.85,-0.11780000000000017,41.230700000000034,65.08964554969491,68.10000000000001,154.189,3.0,5.0,2.0,23.0,1.0,-15.23060000000003,228.4337999999996,433.9237704990695,554.0500000000002,1134.9870000000014,35.0,21.0,7.0,147.0,-10.78
178,3529_41,BDBM11,BDBM36032,6.9,24.85,0.05320000000000047,42.31350000000001,60.841068742315606,53.66,137.20600000000002,2.0,5.0,2.0,23.0,1.0,-15.23060000000003,228.4337999999996,433.9237704990695,554.0500000000002,1134.9870000000014,35.0,21.0,7.0,147.0,-10.76
179,3539_44,BDBM11,BDBM36023,6.9,25.0,0.4709999999999997,37.901100000000014,55.501178045302886,27.64,122.19099999999996,1.0,3.0,2.0,21.0,1.0,-15.23060000000003,228.4337999999996,433.9237704990695,554.0500000000002,1134.9870000000014,35.0,21.0,7.0,147.0,-10.74
180,3529_67,BDBM11,BDBM36031,6.9,24.85,0.4222999999999999,42.862400000000015,62.076091646294834,16.61,136.218,1.0,2.0,3.0,24.0,1.0,-15.23060000000003,228.4337999999996,433.9237704990695,554.0500000000002,1134.9870000000014,35.0,21.0,7.0,147.0,-10.71
181,6_28,BDBM11,BDBM10,6.9,25.0,0.28650000000000003,26.86069999999999,42.90457261553856,29.1,99.133,2.0,1.0,0.0,16.0,0.0,-15.23060000000003,228.4337999999996,433.9237704990695,554.0500000000002,1134.9870000000014,35.0,21.0,7.0,147.0,-10.7
182,3530_32,BDBM11,BDBM36064,6.9,25.0,-1.071299999999999,44.62600000000002,82.92941060834937,80.25999999999998,198.218,4.0,0.0,2.0,28.0,-2.0,-15.23060000000003,228.4337999999996,433.9237704990695,554.0500000000002,1134.9870000000014,35.0,21.0,7.0,147.0,-10.7
183,3530_86,BDBM11,BDBM36111,6.9,25.0,0.7637,25.49679999999999,40.13091661446014,20.23,138.99200000000002,1.0,1.0,2.0,12.0,0.0,-15.23060000000003,228.4337999999996,433.9237704990695,554.0500000000002,1134.9870000000014,35.0,21.0,7.0,147.0,-10.58
184,3530_46,BDBM11,BDBM36076,6.9,25.0,-1.0626000000000009,81.30500000000005,147.13979637552146,132.86,356.28600000000006,8.0,0.0,7.0,38.0,-2.0,-15.23060000000003,228.4337999999996,433.9237704990695,554.0500000000002,1134.9870000000014,35.0,21.0,7.0,147.0,-10.58
185,3536_7,BDBM11,BDBM36155,6.9,25.0,0.7771999999999999,21.971799999999995,32.62831112321538,20.23,74.12299999999998,1.0,1.0,1.0,15.0,0.0,-15.23060000000003,228.4337999999996,433.9237704990695,554.0500000000002,1134.9870000000014,35.0,21.0,7.0,147.0,-10.57
186,3530_31,BDBM11,BDBM36063,6.9,25.0,-1.071299999999999,44.62600000000002,82.92941060834937,80.25999999999998,198.218,4.0,0.0,2.0,28.0,-2.0,-15.23060000000003,228.4337999999996,433.9237704990695,554.0500000000002,1134.9870000000014,35.0,21.0,7.0,147.0,-10.550999999999998
187,3540_5,BDBM11,BDBM36183,6.9,25.0,-0.021000000000000685,35.15300000000001,59.117043200529956,40.13,135.14199999999997,2.0,0.0,2.0,17.0,-1.0,-15.23060000000003,228.4337999999996,433.9237704990695,554.0500000000002,1134.9870000000014,35.0,21.0,7.0,147.0,-10.550999999999998
188,3530_4,BDBM11,BDBM36036,6.9,25.0,-0.035000000000000364,64.61440000000002,103.81407878012112,85.02000000000002,245.258,5.0,2.0,4.0,31.0,-1.0,-15.23060000000003,228.4337999999996,433.9237704990695,554.0500000000002,1134.9870000000014,35.0,21.0,7.0,147.0,-10.53
189,3536_6,BDBM11,BDBM36173,6.9,25.0,0.7787999999999999,21.9938,32.62831112321538,20.23,74.12299999999998,1.0,1.0,2.0,15.0,0.0,-15.23060000000003,228.4337999999996,433.9237704990695,554.0500000000002,1134.9870000000014,35.0,21.0,7.0,147.0,-10.51
190,3540_4,BDBM11,BDBM36181,6.9,25.0,0.050099999999999915,30.772499999999994,52.75210108613336,40.13,121.11499999999997,2.0,0.0,1.0,14.0,-1.0,-15.23060000000003,228.4337999999996,433.9237704990695,554.0500000000002,1134.9870000000014,35.0,21.0,7.0,147.0,-10.509
191,3532_56,BDBM11,BDBM36131,6.9,25.0,-4.756,0.0,30.011902189189602,92.24,99.449,4.0,0.0,0.0,5.0,-1.0,-15.23060000000003,228.4337999999996,433.9237704990695,554.0500000000002,1134.9870000000014,35.0,21.0,7.0,147.0,-10.5
192,3529_49,BDBM11,BDBM36013,6.9,24.85,0.4881999999999997,51.00510000000003,78.45815273310986,46.10000000000001,182.243,3.0,3.0,4.0,29.0,1.0,-15.23060000000003,228.4337999999996,433.9237704990695,554.0500000000002,1134.9870000000014,35.0,21.0,7.0,147.0,-10.49
193,3540_16,BDBM11,BDBM36188,6.9,25.0,0.5312,19.8578,31.62247996968616,20.23,72.107,1.0,1.0,0.0,13.0,0.0,-15.23060000000003,228.4337999999996,433.9237704990695,554.0500000000002,1134.9870000000014,35.0,21.0,7.0,147.0,-10.44
194,3536_9,BDBM11,BDBM36157,6.9,25.0,0.7771999999999999,21.971799999999995,32.62831112321538,20.23,74.12299999999998,1.0,1.0,1.0,15.0,0.0,-15.23060000000003,228.4337999999996,433.9237704990695,554.0500000000002,1134.9870000000014,35.0,21.0,7.0,147.0,-10.44
195,3536_8,BDBM11,BDBM36156,6.9,25.0,0.7771999999999999,21.971799999999995,32.62831112321538,20.23,74.12299999999998,1.0,1.0,1.0,15.0,0.0,-15.23060000000003,228.4337999999996,433.9237704990695,554.0500000000002,1134.9870000000014,35.0,21.0,7.0,147.0,-10.42
196,3530_3,BDBM11,BDBM36035,6.9,25.0,-0.035000000000000364,64.61440000000002,103.81407878012112,85.02000000000002,245.258,5.0,2.0,4.0,31.0,-1.0,-15.23060000000003,228.4337999999996,433.9237704990695,554.0500000000002,1134.9870000000014,35.0,21.0,7.0,147.0,-10.4
197,3540_8,BDBM11,BDBM36133,6.9,25.0,0.2874199999999999,39.890000000000015,65.48198531492656,40.13,149.16899999999998,2.0,0.0,2.0,20.0,-1.0,-15.23060000000003,228.4337999999996,433.9237704990695,554.0500000000002,1134.9870000000014,35.0,21.0,7.0,147.0,-10.39
198,3530_63,BDBM11,BDBM36089,6.9,25.0,0.12399999999999978,41.199000000000034,70.59553054443344,49.36,165.168,3.0,0.0,3.0,21.0,-1.0,-15.23060000000003,228.4337999999996,433.9237704990695,554.0500000000002,1134.9870000000014,35.0,21.0,7.0,147.0,-10.39
199,3529_61,BDBM11,BDBM50091035,6.9,24.85,0.1851999999999998,46.11790000000002,71.77389914140241,57.10000000000001,168.21599999999998,3.0,4.0,3.0,26.0,1.0,-15.23060000000003,228.4337999999996,433.9237704990695,554.0500000000002,1134.9870000000014,35.0,21.0,7.0,147.0,-10.3
200,3530_57,BDBM11,BDBM50129068,6.9,25.0,-0.5301000000000007,36.408800000000014,63.91127695272596,60.36,151.141,3.0,1.0,2.0,18.0,-1.0,-15.23060000000003,228.4337999999996,433.9237704990695,554.0500000000002,1134.9870000000014,35.0,21.0,7.0,147.0,-10.28
201,3530_64,BDBM11,BDBM36090,6.9,25.0,0.12399999999999978,41.199000000000034,70.59553054443344,49.36,165.168,3.0,0.0,3.0,21.0,-1.0,-15.23060000000003,228.4337999999996,433.9237704990695,554.0500000000002,1134.9870000000014,35.0,21.0,7.0,147.0,-10.27
202,3530_58,BDBM11,BDBM50129063,6.9,25.0,-0.5301000000000007,36.408800000000014,63.91127695272596,60.36,151.141,3.0,1.0,2.0,18.0,-1.0,-15.23060000000003,228.4337999999996,433.9237704990695,554.0500000000002,1134.9870000000014,35.0,21.0,7.0,147.0,-10.26
203,3540_1,BDBM11,BDBM36182,6.9,25.0,-0.07350000000000012,24.53199999999999,43.15477533765576,40.13,101.125,2.0,0.0,3.0,16.0,-1.0,-15.23060000000003,228.4337999999996,433.9237704990695,554.0500000000002,1134.9870000000014,35.0,21.0,7.0,147.0,-10.26
204,3532_57,BDBM11,BDBM26983,6.9,25.0,0.6586000000000001,15.957,23.78338227429922,22.3,58.085,1.0,0.0,0.0,3.0,-1.0,-15.23060000000003,228.4337999999996,433.9237704990695,554.0500000000002,1134.9870000000014,35.0,21.0,7.0,147.0,-10.23
205,3536_4,BDBM11,BDBM36153,6.9,25.0,0.3887,17.376800000000006,26.263369008818778,20.23,60.096000000000004,1.0,1.0,1.0,12.0,0.0,-15.23060000000003,228.4337999999996,433.9237704990695,554.0500000000002,1134.9870000000014,35.0,21.0,7.0,147.0,-10.18
206,3536_5,BDBM11,BDBM36154,6.9,25.0,0.3871000000000001,17.354800000000004,26.26336900881877,20.23,60.096,1.0,1.0,0.0,12.0,0.0,-15.23060000000003,228.4337999999996,433.9237704990695,554.0500000000002,1134.9870000000014,35.0,21.0,7.0,147.0,-10.15
207,3539_16,BDBM4,BDBM23432,6.9,25.0,1.0968,38.383,62.24960168084557,40.13,143.20600000000002,2.0,0.0,6.0,25.0,-1.0,-13.054800000000027,195.80039999999968,372.1301572506171,474.90000000000015,972.8460000000013,30.0,18.0,6.0,126.0,-10.12
208,3540_44,BDBM4,BDBM36142,6.9,25.0,1.5888,41.13109999999999,58.63373652561853,27.64,130.255,1.0,3.0,6.0,29.0,1.0,-13.054800000000027,195.80039999999968,372.1301572506171,474.90000000000015,972.8460000000013,30.0,18.0,6.0,126.0,-9.83
209,3540_43,BDBM4,BDBM36202,6.9,25.0,1.5872,41.10909999999999,58.633736525618524,27.64,130.255,1.0,3.0,5.0,29.0,1.0,-13.054800000000027,195.80039999999968,372.1301572506171,474.90000000000015,972.8460000000013,30.0,18.0,6.0,126.0,-9.54
210,3540_41,BDBM4,BDBM36141,6.9,25.0,1.1987,36.51409999999998,52.268794411221904,27.64,116.228,1.0,3.0,5.0,26.0,1.0,-13.054800000000027,195.80039999999968,372.1301572506171,474.90000000000015,972.8460000000013,30.0,18.0,6.0,126.0,-9.54
211,3539_8,BDBM4,BDBM9,6.9,25.0,1.5590000000000002,31.22779999999998,45.35819535200859,20.23,102.177,1.0,1.0,4.0,21.0,0.0,-13.054800000000027,195.80039999999968,372.1301572506171,474.90000000000015,972.8460000000013,30.0,18.0,6.0,126.0,-9.5
212,3535_3,BDBM4,BDBM36148,7.2,25.0,1.1321999999999994,52.65900000000002,81.79870773226516,40.13,185.202,2.0,0.0,2.0,23.0,-1.0,-13.054800000000027,195.80039999999968,372.1301572506171,474.90000000000015,972.8460000000013,30.0,18.0,6.0,126.0,-9.17
213,3540_32,BDBM4,BDBM50240408,6.9,25.0,0.7066999999999999,33.765999999999984,55.884659566448974,40.13,129.179,2.0,0.0,5.0,22.0,-1.0,-13.054800000000027,195.80039999999968,372.1301572506171,474.90000000000015,972.8460000000013,30.0,18.0,6.0,126.0,-9.08
214,3529_12,BDBM4,BDBM36016,6.9,24.85,-0.6168000000000002,63.86120000000007,107.1518086004608,99.38,264.318,6.0,4.0,7.0,42.0,0.0,-13.054800000000027,195.80039999999968,372.1301572506171,474.90000000000015,972.8460000000013,30.0,18.0,6.0,126.0,-9.06
215,3536_27,BDBM4,BDBM36163,6.9,25.0,1.9475,35.822799999999994,51.7231374664052,20.23,116.20399999999998,1.0,1.0,4.0,24.0,0.0,-13.054800000000027,195.80039999999968,372.1301572506171,474.90000000000015,972.8460000000013,30.0,18.0,6.0,126.0,-8.88
216,3536_28,BDBM4,BDBM36164,6.9,25.0,1.9475,35.822799999999994,51.7231374664052,20.23,116.20399999999998,1.0,1.0,4.0,24.0,0.0,-13.054800000000027,195.80039999999968,372.1301572506171,474.90000000000015,972.8460000000013,30.0,18.0,6.0,126.0,-8.74
217,3540_42,BDBM4,BDBM36187,6.9,25.0,1.1971,36.49209999999998,52.2687944112219,27.64,116.228,1.0,3.0,4.0,26.0,1.0,-13.054800000000027,195.80039999999968,372.1301572506171,474.90000000000015,972.8460000000013,30.0,18.0,6.0,126.0,-8.7
218,3540_33,BDBM4,BDBM36197,6.9,25.0,0.4826999999999997,33.67199999999999,55.195056534264715,40.13,127.163,2.0,0.0,5.0,20.0,-1.0,-13.054800000000027,195.80039999999968,372.1301572506171,474.90000000000015,972.8460000000013,30.0,18.0,6.0,126.0,-8.65
219,3539_14,BDBM4,BDBM36140,6.9,25.0,0.8086000000000002,31.89709999999999,45.90385229682529,27.64,102.201,1.0,3.0,4.0,23.0,1.0,-13.054800000000027,195.80039999999968,372.1301572506171,474.90000000000015,972.8460000000013,30.0,18.0,6.0,126.0,-8.6248
220,3540_40,BDBM4,BDBM36201,6.9,25.0,0.7599000000000001,36.85839999999999,52.47876589781723,16.61,116.228,1.0,2.0,5.0,26.0,1.0,-13.054800000000027,195.80039999999968,372.1301572506171,474.90000000000015,972.8460000000013,30.0,18.0,6.0,126.0,-8.54
221,3535_1,BDBM4,BDBM36146,7.2,25.0,1.7439000000000002,51.91120000000002,81.7417036612728,57.2,207.23,3.0,0.0,1.0,21.0,-1.0,-13.054800000000027,195.80039999999968,372.1301572506171,474.90000000000015,972.8460000000013,30.0,18.0,6.0,126.0,-8.46
222,3536_26,BDBM4,BDBM36160,6.9,25.0,1.5574,31.205799999999986,45.3581953520086,20.23,102.17699999999998,1.0,1.0,3.0,21.0,0.0,-13.054800000000027,195.80039999999968,372.1301572506171,474.90000000000015,972.8460000000013,30.0,18.0,6.0,126.0,-8.3317
223,3536_24,BDBM4,BDBM36162,6.9,25.0,1.5574,31.205799999999986,45.3581953520086,20.23,102.17699999999998,1.0,1.0,3.0,21.0,0.0,-13.054800000000027,195.80039999999968,372.1301572506171,474.90000000000015,972.8460000000013,30.0,18.0,6.0,126.0,-8.3
224,3539_10,BDBM4,BDBM36174,6.9,25.0,0.3166,29.148999999999987,49.519717452052355,40.13,115.152,2.0,0.0,4.0,19.0,-1.0,-13.054800000000027,195.80039999999968,372.1301572506171,474.90000000000015,972.8460000000013,30.0,18.0,6.0,126.0,-8.0
225,3539_6,BDBM4,BDBM22603,6.9,25.0,1.1689,26.61079999999999,38.99325323761199,20.23,88.14999999999998,1.0,1.0,3.0,18.0,0.0,-13.054800000000027,195.80039999999968,372.1301572506171,474.90000000000015,972.8460000000013,30.0,18.0,6.0,126.0,-7.9131
226,3540_30,BDBM4,BDBM36195,6.9,25.0,0.09260000000000003,29.05499999999999,48.83011441986811,40.13,113.13599999999998,2.0,0.0,3.0,17.0,-1.0,-13.054800000000027,195.80039999999968,372.1301572506171,474.90000000000015,972.8460000000013,30.0,18.0,6.0,126.0,-7.59
227,3540_48,BDBM4,BDBM36194,6.9,25.0,2.0916,38.3258,57.0822484272726,20.23,128.215,1.0,1.0,0.0,25.0,0.0,-13.054800000000027,195.80039999999968,372.1301572506171,474.90000000000015,972.8460000000013,30.0,18.0,6.0,126.0,-7.43
228,3540_31,BDBM4,BDBM36196,6.9,25.0,0.09260000000000003,29.05499999999999,48.83011441986811,40.13,113.13600000000001,2.0,0.0,3.0,17.0,-1.0,-13.054800000000027,195.80039999999968,372.1301572506171,474.90000000000015,972.8460000000013,30.0,18.0,6.0,126.0,-7.4
229,3536_23,BDBM4,BDBM36159,6.9,25.0,1.1673,26.588799999999992,38.99325323761199,20.23,88.14999999999998,1.0,1.0,2.0,18.0,0.0,-13.054800000000027,195.80039999999968,372.1301572506171,474.90000000000015,972.8460000000013,30.0,18.0,6.0,126.0,-7.4
230,3536_22,BDBM4,BDBM36158,6.9,25.0,1.1673,26.588799999999992,38.99325323761199,20.23,88.14999999999998,1.0,1.0,2.0,18.0,0.0,-13.054800000000027,195.80039999999968,372.1301572506171,474.90000000000015,972.8460000000013,30.0,18.0,6.0,126.0,-7.3
231,3540_38,BDBM4,BDBM36139,6.9,25.0,0.4185,27.2801,39.53891018242869,27.64,88.17399999999999,1.0,3.0,3.0,20.0,1.0,-13.054800000000027,195.80039999999968,372.1301572506171,474.90000000000015,972.8460000000013,30.0,18.0,6.0,126.0,-7.1
232,3539_2,BDBM4,BDBM36173,6.9,25.0,0.7787999999999999,21.9938,32.62831112321538,20.23,74.12299999999998,1.0,1.0,2.0,15.0,0.0,-13.054800000000027,195.80039999999968,372.1301572506171,474.90000000000015,972.8460000000013,30.0,18.0,6.0,126.0,-6.9
233,3540_28,BDBM4,BDBM36182,6.9,25.0,-0.07350000000000012,24.53199999999999,43.15477533765576,40.13,101.125,2.0,0.0,3.0,16.0,-1.0,-13.054800000000027,195.80039999999968,372.1301572506171,474.90000000000015,972.8460000000013,30.0,18.0,6.0,126.0,-6.75
234,6_2,BDBM4,BDBM5,6.9,20.7,1.3114,29.091799999999985,44.352364198479385,20.23,100.161,1.0,1.0,0.0,19.0,0.0,-13.054800000000027,195.80039999999968,372.1301572506171,474.90000000000015,972.8460000000013,30.0,18.0,6.0,126.0,-6.4
235,3540_47,BDBM4,BDBM36178,6.9,25.0,1.7015,33.70879999999999,50.717306312876,20.23,114.18799999999999,1.0,1.0,0.0,22.0,0.0,-13.054800000000027,195.80039999999968,372.1301572506171,474.90000000000015,972.8460000000013,30.0,18.0,6.0,126.0,-6.3
236,3529_37,BDBM4,BDBM36030,6.9,24.85,0.77942,42.63810000000001,61.8661201596995,27.64,136.21800000000002,1.0,3.0,2.0,24.0,1.0,-13.054800000000027,195.80039999999968,372.1301572506171,474.90000000000015,972.8460000000013,30.0,18.0,6.0,126.0,-5.9
237,3529_4,BDBM4,BDBM36011,6.9,24.85,1.2024999999999997,54.52940000000004,80.16508683595544,16.61,176.28300000000004,1.0,2.0,2.0,31.0,1.0,-13.054800000000027,195.80039999999968,372.1301572506171,474.90000000000015,972.8460000000013,30.0,18.0,6.0,126.0,-5.9
238,3529_16,BDBM4,BDBM36019,6.9,24.85,0.4795999999999998,44.453100000000006,66.97966538920639,36.87000000000001,152.217,2.0,3.0,3.0,25.0,1.0,-13.054800000000027,195.80039999999968,372.1301572506171,474.90000000000015,972.8460000000013,30.0,18.0,6.0,126.0,-5.7
239,3540_46,BDBM4,BDBM36176,6.9,25.0,0.9213,24.47479999999999,37.98742208408277,20.23,86.134,1.0,1.0,0.0,16.0,0.0,-13.054800000000027,195.80039999999968,372.1301572506171,474.90000000000015,972.8460000000013,30.0,18.0,6.0,126.0,-5.4
240,3529_5,BDBM4,BDBM36012,6.9,24.85,0.4881999999999999,51.00510000000002,78.45815273310987,46.1,182.243,3.0,3.0,4.0,29.0,1.0,-13.054800000000027,195.80039999999968,372.1301572506171,474.90000000000015,972.8460000000013,30.0,18.0,6.0,126.0,-5.3
241,3529_29,BDBM4,BDBM36026,6.9,24.85,0.36909999999999976,39.770000000000024,65.48198531492656,40.13,149.16899999999995,2.0,0.0,3.0,20.0,-1.0,-13.054800000000027,195.80039999999968,372.1301572506171,474.90000000000015,972.8460000000013,30.0,18.0,6.0,126.0,-5.15
242,3540_45,BDBM4,BDBM36188,6.9,25.0,0.5312,19.8578,31.62247996968616,20.23,72.107,1.0,1.0,0.0,13.0,0.0,-13.054800000000027,195.80039999999968,372.1301572506171,474.90000000000015,972.8460000000013,30.0,18.0,6.0,126.0,-4.0
243,6_8,BDBM4,BDBM7,6.9,25.0,1.7656,32.63899999999998,50.084594660723724,17.07,112.17200000000001,1.0,0.0,0.0,20.0,0.0,-13.054800000000027,195.80039999999968,372.1301572506171,474.90000000000015,972.8460000000013,30.0,18.0,6.0,126.0,-3.7
244,3536_21,BDBM4,BDBM36157,6.9,25.0,0.7771999999999999,21.971799999999995,32.62831112321538,20.23,74.12299999999998,1.0,1.0,1.0,15.0,0.0,-13.054800000000027,195.80039999999968,372.1301572506171,474.90000000000015,972.8460000000013,30.0,18.0,6.0,126.0,-3.6
245,3536_19,BDBM4,BDBM36155,6.9,25.0,0.7771999999999999,21.971799999999995,32.62831112321538,20.23,74.12299999999998,1.0,1.0,1.0,15.0,0.0,-13.054800000000027,195.80039999999968,372.1301572506171,474.90000000000015,972.8460000000013,30.0,18.0,6.0,126.0,-3.0
246,3536_20,BDBM4,BDBM36156,6.9,25.0,0.7771999999999999,21.971799999999995,32.62831112321538,20.23,74.12299999999998,1.0,1.0,1.0,15.0,0.0,-13.054800000000027,195.80039999999968,372.1301572506171,474.90000000000015,972.8460000000013,30.0,18.0,6.0,126.0,-2.4
247,3529_30,BDBM4,BDBM36027,6.9,24.85,0.8610999999999995,42.518100000000025,61.866120159699506,27.64,136.218,1.0,3.0,3.0,24.0,1.0,-13.054800000000027,195.80039999999968,372.1301572506171,474.90000000000015,972.8460000000013,30.0,18.0,6.0,126.0,-19.5
248,3540_27,BDBM4,BDBM50240453,6.9,25.0,-0.21760000000000024,24.46199999999999,43.15477533765576,40.13,101.125,2.0,0.0,2.0,16.0,-1.0,-13.054800000000027,195.80039999999968,372.1301572506171,474.90000000000015,972.8460000000013,30.0,18.0,6.0,126.0,-19.34
249,3529_14,BDBM4,BDBM36018,6.9,24.85,0.4795999999999998,44.453100000000006,66.97966538920637,36.87000000000001,152.21699999999996,2.0,3.0,3.0,25.0,1.0,-13.054800000000027,195.80039999999968,372.1301572506171,474.90000000000015,972.8460000000013,30.0,18.0,6.0,126.0,-19.34
250,6_7,BDBM4,BDBM6,6.9,25.0,1.5196,28.091999999999985,43.71965254632713,17.07,98.145,1.0,0.0,0.0,17.0,0.0,-13.054800000000027,195.80039999999968,372.1301572506171,474.90000000000015,972.8460000000013,30.0,18.0,6.0,126.0,-19.34
251,3529_33,BDBM4,BDBM36029,6.9,24.85,0.3017000000000001,48.71320000000003,73.23526751288745,36.84,166.24400000000003,2.0,3.0,3.0,28.0,1.0,-13.054800000000027,195.80039999999968,372.1301572506171,474.90000000000015,972.8460000000013,30.0,18.0,6.0,126.0,-19.27
252,3540_37,BDBM4,BDBM36200,6.9,25.0,0.4169,27.258099999999995,39.53891018242869,27.64,88.17399999999999,1.0,3.0,2.0,20.0,1.0,-13.054800000000027,195.80039999999968,372.1301572506171,474.90000000000015,972.8460000000013,30.0,18.0,6.0,126.0,-19.217
253,3529_32,BDBM4,BDBM36028,6.9,24.85,0.3017000000000001,48.71320000000003,73.23526751288745,36.84,166.24400000000003,2.0,3.0,3.0,28.0,1.0,-13.054800000000027,195.80039999999968,372.1301572506171,474.90000000000015,972.8460000000013,30.0,18.0,6.0,126.0,-19.217
254,3529_10,BDBM4,BDBM36015,6.9,24.85,0.3017000000000001,48.71320000000003,73.23526751288745,36.84,166.24400000000003,2.0,3.0,3.0,28.0,1.0,-13.054800000000027,195.80039999999968,372.1301572506171,474.90000000000015,972.8460000000013,30.0,18.0,6.0,126.0,-19.01
255,3531_6,BDBM4,BDBM36122,6.9,25.0,1.6638999999999995,111.79780000000004,183.37997772301316,162.26000000000005,444.44000000000017,10.0,5.0,11.0,56.0,0.0,-13.054800000000027,195.80039999999968,372.1301572506171,474.90000000000015,972.8460000000013,30.0,18.0,6.0,126.0,-18.882
256,3540_36,BDBM4,BDBM36199,6.9,25.0,-0.020299999999999933,27.62439999999999,39.74888166902402,16.61,88.17399999999998,1.0,2.0,3.0,20.0,1.0,-13.054800000000027,195.80039999999968,372.1301572506171,474.90000000000015,972.8460000000013,30.0,18.0,6.0,126.0,-18.673
257,3529_8,BDBM4,BDBM36014,6.9,24.85,0.3017000000000001,48.71320000000003,73.23526751288745,36.84,166.24400000000003,2.0,3.0,3.0,28.0,1.0,-13.054800000000027,195.80039999999968,372.1301572506171,474.90000000000015,972.8460000000013,30.0,18.0,6.0,126.0,-17.6
258,6_10,BDBM4,BDBM8,6.9,25.0,0.2822000000000001,30.481599999999986,49.146597950675385,40.46,116.15999999999998,2.0,2.0,0.0,20.0,0.0,-13.054800000000027,195.80039999999968,372.1301572506171,474.90000000000015,972.8460000000013,30.0,18.0,6.0,126.0,-17.6
259,3531_5,BDBM4,BDBM36121,6.9,25.0,1.6638999999999995,111.79780000000004,183.37997772301316,162.26000000000005,444.44000000000017,10.0,5.0,11.0,56.0,0.0,-13.054800000000027,195.80039999999968,372.1301572506171,474.90000000000015,972.8460000000013,30.0,18.0,6.0,126.0,-17.43
260,3531_1,BDBM4,BDBM36119,6.9,25.0,1.2308,68.05630000000002,114.72243913791151,112.93,281.264,7.0,3.0,7.0,35.0,0.0,-13.054800000000027,195.80039999999968,372.1301572506171,474.90000000000015,972.8460000000013,30.0,18.0,6.0,126.0,-17.291
261,3529_1,BDBM4,BDBM36009,6.9,24.85,0.5563999999999998,49.19060000000004,77.5931843109823,49.69,182.21900000000005,3.0,2.0,5.0,27.0,0.0,-13.054800000000027,195.80039999999968,372.1301572506171,474.90000000000015,972.8460000000013,30.0,18.0,6.0,126.0,-17.291
262,3540_35,BDBM4,BDBM36198,6.9,25.0,0.02840000000000015,22.663100000000004,33.17396806803209,27.64,74.14699999999998,1.0,3.0,2.0,17.0,1.0,-13.054800000000027,195.80039999999968,372.1301572506171,474.90000000000015,972.8460000000013,30.0,18.0,6.0,126.0,-17.124000000000002
263,3529_40,BDBM4,BDBM36031,6.9,24.85,0.4222999999999999,42.862400000000015,62.076091646294834,16.61,136.218,1.0,2.0,3.0,24.0,1.0,-13.054800000000027,195.80039999999968,372.1301572506171,474.90000000000015,972.8460000000013,30.0,18.0,6.0,126.0,-16.915
264,3529_23,BDBM4,BDBM36023,6.9,24.85,0.4709999999999997,37.901100000000014,55.501178045302886,27.64,122.19099999999996,1.0,3.0,2.0,21.0,1.0,-13.054800000000027,195.80039999999968,372.1301572506171,474.90000000000015,972.8460000000013,30.0,18.0,6.0,126.0,-16.85
265,3531_2,BDBM4,BDBM36120,6.9,25.0,1.2308,68.05630000000002,114.72243913791151,112.93,281.264,7.0,3.0,7.0,35.0,0.0,-13.054800000000027,195.80039999999968,372.1301572506171,474.90000000000015,972.8460000000013,30.0,18.0,6.0,126.0,-16.8
266,3540_26,BDBM4,BDBM50079401,6.9,25.0,-0.4636000000000002,19.915,36.78983322325915,40.13,87.09799999999998,2.0,0.0,2.0,13.0,-1.0,-13.054800000000027,195.80039999999968,372.1301572506171,474.90000000000015,972.8460000000013,30.0,18.0,6.0,126.0,-16.79
267,3529_21,BDBM4,BDBM36022,6.9,24.85,-0.3324999999999998,40.82170000000002,65.08964554969491,68.10000000000001,154.189,3.0,5.0,2.0,23.0,1.0,-13.054800000000027,195.80039999999968,372.1301572506171,474.90000000000015,972.8460000000013,30.0,18.0,6.0,126.0,-16.7
268,3535_2,BDBM4,BDBM36147,7.2,25.0,0.6480000000000004,59.874400000000016,103.3703396713134,114.39999999999998,286.286,6.0,0.0,2.0,24.0,-2.0,-13.054800000000027,195.80039999999968,372.1301572506171,474.90000000000015,972.8460000000013,30.0,18.0,6.0,126.0,-16.7
269,3536_17,BDBM4,BDBM36154,6.9,25.0,0.3871000000000001,17.354800000000004,26.26336900881877,20.23,60.096,1.0,1.0,0.0,12.0,0.0,-13.054800000000027,195.80039999999968,372.1301572506171,474.90000000000015,972.8460000000013,30.0,18.0,6.0,126.0,-16.69
270,3529_27,BDBM4,BDBM36025,6.9,24.85,-1.1347000000000005,60.837200000000045,104.0192501201452,99.38,256.254,6.0,4.0,3.0,34.0,0.0,-13.054800000000027,195.80039999999968,372.1301572506171,474.90000000000015,972.8460000000013,30.0,18.0,6.0,126.0,-16.69
271,3529_35,BDBM4,BDBM50067723,6.9,24.85,0.1765999999999997,39.56590000000002,60.29541179749889,47.87000000000001,138.18999999999997,2.0,4.0,2.0,22.0,1.0,-13.054800000000027,195.80039999999968,372.1301572506171,474.90000000000015,972.8460000000013,30.0,18.0,6.0,126.0,-16.622
272,3531_3,BDBM4,BDBM50043820,6.9,25.0,0.5239999999999998,57.05130000000002,92.71748757956762,86.63,223.228,5.0,3.0,4.0,29.0,0.0,-13.054800000000027,195.80039999999968,372.1301572506171,474.90000000000015,972.8460000000013,30.0,18.0,6.0,126.0,-16.622
273,3529_7,BDBM4,BDBM36013,6.9,24.85,0.4881999999999997,51.00510000000003,78.45815273310986,46.10000000000001,182.243,3.0,3.0,4.0,29.0,1.0,-13.054800000000027,195.80039999999968,372.1301572506171,474.90000000000015,972.8460000000013,30.0,18.0,6.0,126.0,-16.622
274,3530_95,BDBM4,BDBM36118,6.9,25.0,-0.3450999999999997,28.865099999999995,44.65245541193558,36.87000000000001,104.17300000000002,2.0,3.0,4.0,21.0,1.0,-13.054800000000027,195.80039999999968,372.1301572506171,474.90000000000015,972.8460000000013,30.0,18.0,6.0,126.0,-16.5
275,3531_4,BDBM4,BDBM50043802,6.9,25.0,0.5239999999999998,57.05130000000002,92.71748757956762,86.63,223.228,5.0,3.0,4.0,29.0,0.0,-13.054800000000027,195.80039999999968,372.1301572506171,474.90000000000015,972.8460000000013,30.0,18.0,6.0,126.0,-16.5
276,3529_19,BDBM4,BDBM36021,6.9,24.85,-0.3325,40.82170000000002,65.08964554969491,68.10000000000001,154.189,3.0,5.0,2.0,23.0,1.0,-13.054800000000027,195.80039999999968,372.1301572506171,474.90000000000015,972.8460000000013,30.0,18.0,6.0,126.0,-16.454
277,3529_18,BDBM4,BDBM36020,6.9,24.85,0.1851999999999998,46.11790000000002,71.77389914140241,57.10000000000001,168.21599999999998,3.0,4.0,3.0,26.0,1.0,-13.054800000000027,195.80039999999968,372.1301572506171,474.90000000000015,972.8460000000013,30.0,18.0,6.0,126.0,-16.4
278,6_15,BDBM4,BDBM10,6.9,25.0,0.28650000000000003,26.86069999999999,42.90457261553856,29.1,99.133,2.0,1.0,0.0,16.0,0.0,-13.054800000000027,195.80039999999968,372.1301572506171,474.90000000000015,972.8460000000013,30.0,18.0,6.0,126.0,-16.3
279,3529_25,BDBM4,BDBM36024,6.9,24.85,-0.3811999999999995,45.78300000000002,71.66455915068686,57.07000000000001,168.21599999999995,3.0,4.0,3.0,26.0,1.0,-13.054800000000027,195.80039999999968,372.1301572506171,474.90000000000015,972.8460000000013,30.0,18.0,6.0,126.0,-15.1
